customer_id,first_name,last_name,state
1,Sarah,Watts,Washington
2,Ricardo,Allen,Oregon
3,Matthew,Hansen,Delaware
4,Dean,Owen,New Mexico
5,Vicki,Zimmerman,North Dakota
6,Nicholas,Collins,North Dakota
7,Christina,Watts,Kansas
8,Susan,Garcia,Indiana
9,Whitney,Phillips,Montana
10,Kelly,Holt,Maryland
11,Mitchell,Myers,Wisconsin
12,Michele,Delgado,Tennessee
13,Glenn,Foster,Ohio
14,Michael,Tucker,New York
15,Jacob,Brown,Kentucky
16,Aaron,Smith,Nebraska
17,Jessica,Dennis,New Mexico
18,Jeanne,Hammond,Nevada
19,Rebecca,Smith,Michigan
20,Victor,Patton,New York
21,Rachel,Boyle,Alabama
22,Eric,Kim,California
23,Mary,Garcia,Oklahoma
24,Harry,Craig,Illinois
25,Robin,Adams,Maryland
26,Francisco,Ortiz,Montana
27,Sherri,Mcdaniel,New Hampshire
28,Jason,Gonzalez,Idaho
29,John,Lawrence,Iowa
30,Chad,Miller,Washington
31,Michelle,Barry,Ohio
32,Michael,Mcguire,Texas
33,Rachel,Koch,Arizona
34,Amanda,Robinson,New Jersey
35,Erika,Thompson,New Hampshire
36,Brianna,Espinoza,Maryland
37,Randy,Weaver,Illinois
38,Corey,Pineda,Iowa
39,Jeremy,Thomas,Georgia
40,Jeffrey,Davidson,Wisconsin
41,Noah,Daniels,Kentucky
42,Elizabeth,Garrett,Iowa
43,Nicholas,Schwartz,Nevada
44,Matthew,Riley,Montana
45,Rebecca,Gonzales,Indiana
46,Thomas,Hanson,Illinois
47,Cheyenne,Andrews,Maine
48,Andrew,Mcgee,Kansas
49,Reginald,Knight,Louisiana
50,Alexander,Jackson,Virginia
51,David,Brennan,Alabama
52,Shawn,Collier,Louisiana
53,Jennifer,Mitchell,Alabama
54,Michelle,Carson,Virginia
55,Leslie,Price,Connecticut
56,Tamara,Lee,Florida
57,Melissa,Smith,Indiana
58,Carly,Turner,Connecticut
59,Patrick,Black,Utah
60,Tyler,Ramirez,Indiana
61,Kenneth,Smith,Massachusetts
62,Emily,Hensley,Missouri
63,Douglas,David,Nebraska
64,Peggy,Diaz,New York
65,Phyllis,Welch,Michigan
66,James,Turner,Vermont
67,Samuel,Ray,Delaware
68,Daniel,Maynard,Montana
69,Carlos,Franklin,Ohio
70,Elizabeth,Klein,Illinois
71,Kristi,Williamson,Montana
72,Brittany,Barber,South Carolina
73,Donald,Perez,Kansas
74,Douglas,Blake,Oregon
75,Victoria,Green,Vermont
76,Kyle,Garcia,West Virginia
77,Kevin,Nolan,Massachusetts
78,Matthew,Cox,New Mexico
79,Micheal,Roberts,New York
80,Christine,King,Louisiana
81,Kelli,Torres,Mississippi
82,Kevin,Trevino,Oregon
83,Heather,Perkins,Kansas
84,Christine,Abbott,Rhode Island
85,Corey,Elliott,Iowa
86,John,Morris,Nebraska
87,Frank,Foley,Tennessee
88,Jeff,Griffin,Iowa
89,Ernest,Clark,Wisconsin
90,Ariana,Arias,Illinois
91,Joe,Burns,Kentucky
92,Brian,Washington,South Dakota
93,Jonathan,Walker,Florida
94,Todd,Newman,Arkansas
95,Patty,Nash,Nebraska
96,Logan,Hill,Mississippi
97,Heather,Roberts,Nebraska
98,Raymond,Green,Rhode Island
99,Monica,Williams,Hawaii
100,Lisa,Nichols,Michigan
101,Timothy,Burke,Georgia
102,Lisa,May,Vermont
103,John,Lewis,Connecticut
104,Ashley,Burton,Virginia
105,Todd,Koch,New Jersey
106,Karla,Haney,Arizona
107,Debra,Moreno,Washington
108,Kelly,Russell,North Carolina
109,Travis,Morton,Florida
110,Andrew,Barr,Oklahoma
111,Randy,Fuller,Illinois
112,Ryan,Bell,Rhode Island
113,Nancy,Landry,Oklahoma
114,Caleb,Sellers,Washington
115,Sean,Barnett,New Hampshire
116,Daniel,Black,Michigan
117,Steven,Parks,Idaho
118,Jamie,Peters,Indiana
119,Jeremiah,Williamson,Colorado
120,Vanessa,Burns,North Dakota
121,Hannah,Clark,Pennsylvania
122,Matthew,Clark,Illinois
123,Carla,Hudson,Louisiana
124,Dennis,Bradley,New Mexico
125,Derek,Mcdonald,Kentucky
126,Tara,Case,New Mexico
127,Jesse,Mcdonald,Colorado
128,Tamara,Richardson,Missouri
129,Dakota,Waters,Mississippi
130,Aaron,Solis,Utah
131,Robert,Frey,California
132,Kimberly,Wilkerson,Delaware
133,Kimberly,Hall,Hawaii
134,Tracy,Morgan,West Virginia
135,Allison,West,Mississippi
136,Tanya,Pitts,Oregon
137,Holly,Ball,Georgia
138,Derrick,Jackson,Oregon
139,Ian,Norman,Michigan
140,Charles,Hunt,Michigan
141,Scott,Sanchez,Nebraska
142,Michael,Hahn,West Virginia
143,Victoria,Bruce,West Virginia
144,Kelly,Wu,Vermont
145,Charles,Riley,Ohio
146,Pam,Decker,Ohio
147,Robert,Roberts,Nebraska
148,Devin,Hodge,Wyoming
149,Kristin,Grimes,Ohio
150,Ashley,Walters,Maryland
151,Jeff,Rodriguez,Kansas
152,Tracy,Joyce,South Carolina
153,John,Jones,Oregon
154,Joel,Baker,Indiana
155,William,Mitchell,Louisiana
156,Ashley,Lindsey,Maine
157,Amber,Sullivan,Nevada
158,Jennifer,Rowe,Nebraska
159,Jill,Peck,Idaho
160,Joseph,Burgess,Iowa
161,Barbara,Simmons,Florida
162,Stacey,Roman,Virginia
163,Terrance,Dawson,Missouri
164,Larry,Lee,Kentucky
165,Jason,Gomez,Michigan
166,Kendra,Lucas,Hawaii
167,Kaylee,Dorsey,Idaho
168,Kelly,Hernandez,Rhode Island
169,Brian,Smith,Delaware
170,Taylor,Scott,Kentucky
171,Kelsey,Murphy,Florida
172,Amanda,Chapman,Kentucky
173,Michelle,Lee,Minnesota
174,Aaron,Rogers,Delaware
175,Mark,Holden,Tennessee
176,Joshua,Miller,New York
177,Jason,Mendoza,Alaska
178,Gregory,Black,Iowa
179,Gabriel,Perkins,Missouri
180,Elaine,Mccoy,Alabama
181,Christine,Thompson,Texas
182,Christina,Gardner,Minnesota
183,Kevin,Thomas,Wisconsin
184,Jodi,Sullivan,Wisconsin
185,Betty,Rush,Missouri
186,Ruben,Dixon,Nevada
187,Ashley,Luna,Delaware
188,Christopher,Grant,Rhode Island
189,Laurie,Newman,Ohio
190,Michael,Hall,Massachusetts
191,Gerald,Wilson,North Carolina
192,Bryce,Lin,Wisconsin
193,Jesus,Ruiz,Alaska
194,Erika,Barron,Connecticut
195,Carmen,Melendez,Wyoming
196,Matthew,Davis,Colorado
197,Heather,Daniels,Missouri
198,Victoria,Perry,North Dakota
199,Julie,Love,Oregon
200,Claire,Fox,Idaho
201,James,Gilmore,Maine
202,Lisa,Haley,Illinois
203,Eric,Clarke,Washington
204,Teresa,Alexander,Connecticut
205,Sabrina,Watson,Arizona
206,Philip,Wilson,Oregon
207,Kimberly,Taylor,Alaska
208,Dana,Palmer,Nevada
209,Felicia,Boone,Vermont
210,Desiree,Garrett,Mississippi
211,Jeremiah,Richardson,Alabama
212,Carol,Johnson,New York
213,Darren,Holt,Arkansas
214,Monica,Suarez,New Jersey
215,Jeremy,Hendricks,Pennsylvania
216,David,Young,Wisconsin
217,Courtney,Flores,South Dakota
218,Lindsay,Thompson,Arkansas
219,Lucas,Stewart,Kentucky
220,Brenda,Long,North Carolina
221,Elizabeth,Hall,Wyoming
222,Melissa,Woodard,Mississippi
223,Gloria,Acevedo,Nebraska
224,Michael,Ellis,Texas
225,Karen,Rivera,Virginia
226,Scott,Gordon,Washington
227,Stacy,Diaz,Washington
228,Molly,Vasquez,New York
229,Peter,Moon,Tennessee
230,Katherine,Thompson,Florida
231,Michael,Anderson,Utah
232,Robert,Scott,New York
233,Laura,Thomas,Alabama
234,Rhonda,Leonard,South Dakota
235,William,Rogers,Washington
236,Benjamin,Fuentes,Missouri
237,Ian,Small,Alabama
238,Kristen,Vargas,Utah
239,Mary,Meyer,Arkansas
240,Amber,Miller,Kentucky
241,Robert,Bailey,New Hampshire
242,Meagan,Ramsey,Georgia
243,Amy,Andersen,Rhode Island
244,Joseph,Herman,Texas
245,Megan,Kennedy,Tennessee
246,Alec,Barrett,Alabama
247,Scott,Nixon,Nevada
248,Danielle,Anthony,Idaho
249,Karen,Johnson,Connecticut
250,Christopher,Robinson,Virginia
251,Matthew,Saunders,Iowa
252,Lance,Morales,West Virginia
253,Kelsey,Brown,New Mexico
254,Gina,Silva,South Carolina
255,George,Mendoza,South Carolina
256,Glen,Snyder,New Jersey
257,Craig,Campbell,Indiana
258,Brandon,Liu,Alaska
259,Ryan,Cruz,Delaware
260,Tina,Cook,Illinois
261,Angel,Ortega,Maryland
262,Frederick,Smith,Texas
263,Scott,Myers,Louisiana
264,Travis,Harris,New York
265,Kristina,Russell,New Jersey
266,Robert,Barton,Nebraska
267,Daniel,Sanchez,Wyoming
268,Erin,Mccormick,Arizona
269,Teresa,Marshall,Massachusetts
270,Adrian,Wade,Maine
271,Ricky,Morales,Massachusetts
272,Anna,Smith,Rhode Island
273,Kristin,Hines,Arizona
274,Elizabeth,Bryan,Missouri
275,Aaron,Schneider,Maine
276,Sandra,Andrews,Oregon
277,Jeff,Soto,Arkansas
278,Ryan,Hughes,Texas
279,Marie,Martinez,Wyoming
280,Stephen,Costa,Wyoming
281,Brent,Castro,Rhode Island
282,Jessica,Jones,California
283,Ann,Cardenas,Iowa
284,Maria,Johnson,North Carolina
285,Robert,Houston,Maine
286,Julie,Holden,Virginia
287,Mary,Bailey,Idaho
288,Kelly,Brock,California
289,Patrick,Kennedy,Massachusetts
290,David,Mclean,Indiana
291,Sally,Singleton,Idaho
292,Michael,Ramirez,Wisconsin
293,Rachel,Wilson,South Dakota
294,Brian,Golden,South Dakota
295,Heidi,Newton,Maine
296,Angela,Zavala,Missouri
297,Jeremy,Gonzalez,Oklahoma
298,Chris,Mitchell,Louisiana
299,Michael,Franklin,South Carolina
300,Mario,Brewer,Utah
301,Anthony,Brown,Indiana
302,Joshua,Perez,Arizona
303,Ryan,Fisher,Utah
304,Garrett,Flores,Wisconsin
305,Andrew,Combs,Rhode Island
306,Angela,Warren,Mississippi
307,Kevin,Barker,Hawaii
308,Susan,Collins,Kentucky
309,Michael,Moore,West Virginia
310,Kayla,Jones,Ohio
311,Robert,Nelson,California
312,Megan,Fowler,Arkansas
313,Ronald,Fitzgerald,Montana
314,Keith,Ruiz,Alabama
315,Allen,Franklin,New Mexico
316,Richard,Anderson,Maine
317,Vanessa,Reed,Idaho
318,Daryl,Payne,Idaho
319,Jessica,Byrd,Maryland
320,Christopher,Perry,Wisconsin
321,Chelsea,Wu,Rhode Island
322,Kristin,Johnson,Ohio
323,Robert,Mclaughlin,Iowa
324,Daniel,Delacruz,Pennsylvania
325,Michael,Page,Minnesota
326,Tracy,Weiss,Missouri
327,Jeremy,Martin,New Hampshire
328,Samantha,Wright,Colorado
329,Dean,Stone,Missouri
330,Margaret,Kelly,Indiana
331,David,Potts,Maine
332,Barbara,Perez,South Dakota
333,Judith,Gray,Maine
334,Ernest,Beltran,Wisconsin
335,Thomas,Pacheco,Washington
336,Darryl,Robles,Michigan
337,Cheryl,Garcia,Mississippi
338,Jason,Davis,Vermont
339,Aaron,Taylor,Tennessee
340,Dawn,Singleton,New York
341,Stephanie,Sims,Idaho
342,Wanda,Johnson,Kentucky
343,Sandra,Johnson,Montana
344,Jordan,Oconnell,Colorado
345,Sherri,Flores,Rhode Island
346,Jordan,Wu,North Carolina
347,Charles,Schultz,North Dakota
348,Dale,Leon,Texas
349,Molly,Clark,Maine
350,Calvin,Rosario,Nevada
351,Kayla,Rodriguez,Maryland
352,Sarah,Brewer,Indiana
353,Terri,Gregory,Oregon
354,Christopher,Scott,Kentucky
355,James,Romero,Louisiana
356,Carolyn,Hudson,Alaska
357,Jennifer,Evans,Florida
358,Charles,Lopez,West Virginia
359,Jordan,Alexander,South Dakota
360,Bryan,Howard,Nebraska
361,Angelica,Taylor,Washington
362,Susan,Lyons,Minnesota
363,Robert,Crawford,North Dakota
364,Jill,Graham,South Dakota
365,Stephanie,Richardson,Massachusetts
366,Andre,Hamilton,Rhode Island
367,Nichole,Lewis,Kansas
368,Kathy,Smith,New Hampshire
369,Shelly,Ramirez,Iowa
370,Scott,Jensen,Montana
371,Brian,Davis,South Carolina
372,Christopher,Gibson,Arkansas
373,Austin,Garcia,Wisconsin
374,Isabel,Klein,New Jersey
375,Andrew,Graham,Montana
376,James,Rowe,New Mexico
377,Kristopher,Griffin,Virginia
378,Cheryl,Gibson,Maryland
379,Nathan,Ochoa,Ohio
380,Virginia,Orozco,Iowa
381,Vincent,Cooper,North Carolina
382,Robert,Thompson,Alaska
383,Janet,Sanchez,Indiana
384,Eric,Bush,North Dakota
385,Brianna,Thomas,New Mexico
386,Paul,Saunders,Vermont
387,April,Macdonald,Virginia
388,Jill,Garcia,Rhode Island
389,Rodney,Macdonald,Minnesota
390,Sharon,Johnson,Maine
391,Kelly,Estrada,Illinois
392,Lori,Wells,Massachusetts
393,Andrea,Edwards,South Carolina
394,Sheila,Sanchez,Massachusetts
395,Julie,Freeman,Alaska
396,Tonya,Johnson,Wisconsin
397,Tony,Webster,Oregon
398,Alan,Acosta,Minnesota
399,Paul,Salazar,Alabama
400,Johnny,Waters,Indiana
401,Matthew,Jones,West Virginia
402,Richard,Deleon,Maryland
403,Amy,Rollins,Utah
404,Alex,Rose,Georgia
405,Thomas,Ross,Iowa
406,David,Velez,New York
407,Michael,Russell,New Hampshire
408,Andrew,Fleming,West Virginia
409,April,Owens,West Virginia
410,Donald,White,Hawaii
411,Jennifer,Franklin,Pennsylvania
412,Chelsey,Rodriguez,Iowa
413,Amber,Nelson,Washington
414,Melissa,Nash,Arkansas
415,Dean,Evans,Georgia
416,Martin,Smith,Rhode Island
417,Jacob,Rice,Louisiana
418,Phillip,Garcia,Mississippi
419,Amber,Ingram,Wisconsin
420,Benjamin,Lawson,Oregon
421,Marissa,Rodriguez,New York
422,James,Lin,Michigan
423,Ashlee,Briggs,North Carolina
424,Darlene,Evans,Washington
425,John,Miller,Minnesota
426,Steven,Burke,Oregon
427,Bobby,Mora,Nebraska
428,Cynthia,Manning,Utah
429,Anne,Graham,Michigan
430,Martin,Dunn,Colorado
431,Mary,Carney,South Dakota
432,Patrick,Tyler,Virginia
433,Jason,Marquez,Wyoming
434,Justin,Williams,Illinois
435,Timothy,Weaver,Nevada
436,Kristy,Lowe,Minnesota
437,Candice,Hunt,New Hampshire
438,Catherine,Davis,Virginia
439,John,Melendez,Colorado
440,Jeremy,Knight,New Hampshire
441,Stanley,Brown,New York
442,Kathryn,Griffith,California
443,Kristen,Jones,Connecticut
444,Tonya,Barnes,Missouri
445,Laurie,Butler,Arizona
446,Raymond,Yang,Vermont
447,Roberto,Singh,Wyoming
448,Randy,Floyd,New Jersey
449,Matthew,Powers,Nebraska
450,Cole,Moran,Vermont
451,Scott,Bolton,New Jersey
452,Audrey,Warren,Nevada
453,Jason,Garcia,Vermont
454,Pamela,Weiss,Wyoming
455,Christopher,Davila,Illinois
456,Patricia,Perez,North Carolina
457,Sean,Cook,Hawaii
458,Sierra,Dixon,Oklahoma
459,David,Maldonado,New Hampshire
460,Elizabeth,Ray,Oklahoma
461,Susan,Combs,Kentucky
462,Samantha,Small,Oklahoma
463,Erin,Rice,Iowa
464,Melanie,Savage,Louisiana
465,Andrea,Mills,California
466,Kelly,Carpenter,Florida
467,Joshua,Anderson,Kansas
468,Kristine,Suarez,Washington
469,Lisa,Sweeney,North Dakota
470,Kristina,Moore,Alabama
471,Natalie,Bates,California
472,Julie,Logan,Colorado
473,Julie,Henderson,Vermont
474,Briana,Peters,Mississippi
475,Carol,Odonnell,Washington
476,Robert,Davis,Texas
477,Sylvia,Irwin,Rhode Island
478,Jason,Rodgers,California
479,Joshua,Bautista,New Hampshire
480,Tina,Andersen,North Dakota
481,Bradley,Smith,Tennessee
482,William,Schwartz,Massachusetts
483,Barbara,Jones,Delaware
484,Katherine,Shepherd,South Carolina
485,Tracy,Tucker,Wisconsin
486,Jessica,Pierce,North Carolina
487,Rachel,Mack,Ohio
488,Margaret,Richard,Louisiana
489,Jon,Pena,Arkansas
490,Paul,Young,West Virginia
491,Abigail,Bray,Wisconsin
492,Donald,Robbins,New Jersey
493,Edward,Howard,Pennsylvania
494,Lindsay,Nelson,Florida
495,Andre,Taylor,Wisconsin
496,Nicole,Hayes,Maryland
497,Heather,Swanson,Utah
498,Linda,Ross,North Dakota
499,Ricky,Johnson,Mississippi
500,Diana,Fernandez,Idaho
501,Maria,Wilcox,Mississippi
502,Fernando,Turner,Minnesota
503,Kristie,Charles,Oklahoma
504,Lauren,Norman,Rhode Island
505,Brandi,Daniel,North Carolina
506,Carol,Gonzales,Minnesota
507,Megan,Lee,Nevada
508,Joshua,Moody,South Carolina
509,Benjamin,Hernandez,Vermont
510,Joshua,Johnson,Washington
511,David,Blackwell,New Jersey
512,Brandon,Moyer,Kentucky
513,Julie,Oliver,Texas
514,Thomas,Martin,Massachusetts
515,Michael,Weiss,Massachusetts
516,Mark,Austin,North Dakota
517,Jessica,Barnett,North Carolina
518,Kimberly,Owens,Arizona
519,Angela,Little,North Dakota
520,Jenna,Baker,Texas
521,Jose,Gomez,West Virginia
522,Alicia,Parker,Arkansas
523,Evan,Williams,New Jersey
524,Charles,Navarro,Georgia
525,Adam,Durham,Alabama
526,Adrian,Johnson,South Dakota
527,Tina,Schneider,Maine
528,Sheena,Cooper,Florida
529,Julie,Davis,Louisiana
530,Jessica,Floyd,New Hampshire
531,Brandi,Fowler,Indiana
532,Thomas,Rowe,Wyoming
533,Rachel,Stewart,Kansas
534,George,Chapman,Hawaii
535,Anthony,Williams,New York
536,Mark,Mathis,Idaho
537,Carol,Peterson,New York
538,Alexander,Gill,Montana
539,Lauren,Cummings,Ohio
540,Samantha,Pratt,Maine
541,Victor,Wilson,Texas
542,Mallory,Williams,New York
543,Bethany,Joseph,Delaware
544,Timothy,Holmes,Georgia
545,Karen,Thomas,Oregon
546,Robert,Caldwell,Connecticut
547,Penny,Dalton,Louisiana
548,Marcia,Williams,Georgia
549,John,Schneider,New Mexico
550,Scott,Reed,Indiana
551,Lori,Zhang,Iowa
552,Andrea,Mckenzie,Delaware
553,David,Kennedy,Michigan
554,Anthony,Johnson,Arizona
555,Michelle,Jackson,Delaware
556,Duane,Williams,Rhode Island
557,Barry,Frye,New Hampshire
558,Michael,Clark,California
559,Dalton,Roberts,Wisconsin
560,Scott,Swanson,Oregon
561,Leslie,Osborn,Montana
562,Jeffery,Valencia,Ohio
563,Robert,Martinez,Montana
564,Laura,Gonzalez,Mississippi
565,Michael,Caldwell,Missouri
566,Jay,White,Hawaii
567,Kelly,Perry,Idaho
568,Christian,Clark,Delaware
569,Karen,Nguyen,North Carolina
570,Michael,Morgan,Oregon
571,Carly,Crawford,Ohio
572,April,Watkins,Arkansas
573,Barbara,Aguilar,North Dakota
574,Paul,Harper,Hawaii
575,Michael,Moore,Georgia
576,Glen,Clark,Maryland
577,Amanda,Smith,Georgia
578,Alan,Gardner,Ohio
579,Alexander,Bond,Nevada
580,Christopher,Russell,Washington
581,Alvin,Townsend,Idaho
582,Paige,Ibarra,Washington
583,Sandra,Taylor,Wyoming
584,Tammy,Pruitt,Indiana
585,Elaine,Martin,Mississippi
586,Brenda,Morales,Washington
587,Daniel,Smith,South Carolina
588,Edward,Vaughn,South Dakota
589,Malik,Roy,Oregon
590,Alyssa,Hoffman,Maryland
591,David,Graham,New Jersey
592,Lauren,Moore,Florida
593,Susan,Thomas,New Mexico
594,Brandi,Velazquez,Nevada
595,Nicole,Jones,Arizona
596,Deanna,Ortega,Delaware
597,Gary,Esparza,Iowa
598,Michael,Marshall,Minnesota
599,Steven,White,Tennessee
600,Jonathan,Andrews,California
601,Robert,Powell,California
602,John,Allen,Montana
603,Heather,Silva,Illinois
604,Amanda,Taylor,Georgia
605,Frank,Holloway,Nebraska
606,Harold,Smith,Montana
607,Edward,Hoffman,Nevada
608,Joseph,Nelson,Michigan
609,Stephanie,Anderson,Illinois
610,Nicholas,Lowe,Wyoming
611,Randy,Dawson,Arkansas
612,Kyle,Barrett,Pennsylvania
613,Dennis,Davenport,North Dakota
614,Scott,Moore,North Dakota
615,Robert,Madden,Ohio
616,Cheyenne,Powell,Indiana
617,Marie,Mccoy,Maine
618,Joan,Gray,Massachusetts
619,Brian,Park,Utah
620,Savannah,Lutz,Maryland
621,Sara,Ramsey,Indiana
622,Nicole,Trujillo,Utah
623,Heather,Peterson,New York
624,Pamela,Martin,Ohio
625,Taylor,Williams,Virginia
626,Tracy,Molina,Florida
627,Bryce,Diaz,Maryland
628,Craig,Gilmore,Alabama
629,Michelle,Saunders,Rhode Island
630,Joshua,Simon,Colorado
631,Christopher,Vaughn,Oklahoma
632,David,Henderson,Alaska
633,Manuel,Armstrong,Georgia
634,Christina,Anderson,Ohio
635,Luke,Salas,Vermont
636,Jason,Hays,Florida
637,Michael,Madden,California
638,Zachary,Bennett,North Carolina
639,Robert,Hunter,Montana
640,Tracy,Castillo,Maine
641,Courtney,Figueroa,New Jersey
642,Richard,Atkins,Minnesota
643,Alison,Hawkins,South Carolina
644,Erika,Cook,Connecticut
645,Christine,Hernandez,Hawaii
646,Patrick,Avila,Missouri
647,Scott,Evans,North Dakota
648,Erica,Decker,Illinois
649,Elizabeth,Allen,Alabama
650,Brian,Atkins,Minnesota
651,Henry,Garrett,Virginia
652,Angela,Wilson,Georgia
653,Robert,Smith,Kentucky
654,Brandon,Wilson,Kentucky
655,Garrett,Shelton,Utah
656,Renee,Wright,Missouri
657,John,Graham,Louisiana
658,Laurie,Salazar,Delaware
659,Susan,Gomez,Iowa
660,Alicia,Silva,Oregon
661,Walter,Johnston,Maine
662,Kelly,White,New Jersey
663,Nicole,Harris,Georgia
664,Elizabeth,Cole,North Carolina
665,Laurie,Russell,Delaware
666,Amy,Reid,North Dakota
667,Alexandra,York,New York
668,Devin,Gallagher,New Jersey
669,Dorothy,Smith,Ohio
670,Susan,Melton,Oregon
671,Vanessa,Vang,West Virginia
672,Louis,Green,Iowa
673,Charles,Brown,Nebraska
674,Dawn,Garza,Rhode Island
675,Gary,Farley,Connecticut
676,Miranda,Hubbard,Virginia
677,Christina,Robinson,Hawaii
678,Billy,Gonzalez,Louisiana
679,Sarah,Parker,Wyoming
680,Jay,Gonzalez,South Carolina
681,Kathleen,Landry,Hawaii
682,Calvin,Phillips,Texas
683,Mark,Stokes,Rhode Island
684,Donald,Curtis,North Dakota
685,Linda,Griffith,North Carolina
686,Christian,Hernandez,Iowa
687,Justin,Romero,Nevada
688,Connie,Sanchez,Georgia
689,John,Anderson,Oregon
690,Trevor,Gonzalez,Connecticut
691,Randy,Mcdaniel,Florida
692,Michael,Hunt,Pennsylvania
693,Cynthia,Powell,Indiana
694,Joan,Buckley,Maine
695,Joann,Johnston,Colorado
696,Kenneth,Mckinney,California
697,Nancy,Johnson,South Dakota
698,Richard,Atkinson,Rhode Island
699,Ashley,Sawyer,Mississippi
700,Julian,Clark,Wyoming
701,Rodney,Hughes,Alaska
702,Bruce,Dunn,Nebraska
703,Kimberly,Ramos,North Dakota
704,Jasmine,Reed,Nebraska
705,Kimberly,Salinas,Massachusetts
706,Karen,Ball,Montana
707,Patrick,Robinson,Minnesota
708,Edward,Martinez,Mississippi
709,Sheila,Abbott,Mississippi
710,Gregg,Berg,Delaware
711,Tracy,Wilson,Delaware
712,Gerald,Jordan,Hawaii
713,Alicia,Weaver,Ohio
714,Thomas,Montoya,Oklahoma
715,Diana,Campbell,Montana
716,Felicia,Mendoza,North Dakota
717,Dennis,Smith,Tennessee
718,Joel,Curry,Iowa
719,Michael,Powers,South Carolina
720,Julie,Garcia,Montana
721,Ashley,Davis,Rhode Island
722,Martha,Thompson,Maine
723,Carl,Harris,Louisiana
724,Gregory,Wagner,Michigan
725,Cindy,Williams,New Mexico
726,Joshua,Scott,Hawaii
727,Kelsey,Le,New York
728,Joshua,Baker,California
729,Cristian,Campbell,Maine
730,Faith,Stewart,New Jersey
731,Christopher,Fisher,Arkansas
732,Cassandra,Gray,Iowa
733,Alexander,Eaton,Nevada
734,Deanna,Clark,New Jersey
735,Joanna,Alvarez,Pennsylvania
736,Brian,Rios,Vermont
737,Stephen,Jacobs,Nevada
738,Vincent,Mack,Colorado
739,Diana,Wilson,Tennessee
740,Taylor,Schultz,Minnesota
741,Joanna,Riley,Missouri
742,Jose,Jones,New York
743,Travis,Robinson,Arkansas
744,Bianca,Mitchell,Massachusetts
745,Edward,Moss,New Mexico
746,Randy,Wagner,Maine
747,Brian,Steele,Louisiana
748,Yolanda,Melendez,Kentucky
749,Michelle,Hall,Tennessee
750,Chad,Leon,Illinois
751,Rick,Hernandez,Utah
752,Fred,Washington,Connecticut
753,Alexander,Robertson,Nebraska
754,Rebekah,Munoz,Connecticut
755,Alexander,Gibson,Illinois
756,Thomas,Murphy,Nevada
757,Molly,Rogers,Connecticut
758,Kathryn,Baird,Colorado
759,Carolyn,Baxter,Georgia
760,Tyler,Johnson,Nevada
761,Tara,Daugherty,Alaska
762,Joshua,Elliott,Maine
763,Monica,Le,Texas
764,John,Perkins,Ohio
765,Grant,Scott,Kentucky
766,Alice,Ryan,Oregon
767,Laura,Johnson,Florida
768,Shannon,Simmons,New Mexico
769,Jerry,Martinez,New Mexico
770,Steven,Harris,California
771,Victor,Williams,Illinois
772,Norma,Kim,Idaho
773,Michael,Wagner,Hawaii
774,Paula,Evans,New Hampshire
775,Michael,Ruiz,Wisconsin
776,Elizabeth,Smith,Arkansas
777,Anthony,David,New Mexico
778,Chelsea,Hess,Arizona
779,Wayne,Jones,Maine
780,Michael,Wells,Montana
781,Robert,Cook,Utah
782,Annette,Taylor,Minnesota
783,Nathan,Dixon,Alabama
784,Donald,Contreras,New York
785,Jennifer,Goodman,Massachusetts
786,Teresa,Williams,Utah
787,Kimberly,Logan,Minnesota
788,Nicholas,Mercado,New Mexico
789,Brandon,Flynn,Wyoming
790,Nichole,Cherry,Hawaii
791,Judith,Hawkins,Idaho
792,Victoria,Perez,Iowa
793,Alexander,Brown,South Dakota
794,Gary,Sullivan,Montana
795,Victoria,Hernandez,Alabama
796,Jennifer,Anderson,South Dakota
797,Jordan,Hernandez,Connecticut
798,Stephen,Wright,Georgia
799,Kyle,Clark,Ohio
800,Raymond,Wilson,Vermont
801,Grace,Flores,Montana
802,Patrick,Bates,Massachusetts
803,John,Wilson,California
804,Luis,Fields,Minnesota
805,Samuel,Gray,South Carolina
806,William,Rollins,New Hampshire
807,Shelly,Morrison,Maryland
808,Stephanie,Foster,New Mexico
809,David,Cunningham,Mississippi
810,Daniel,Thomas,Alabama
811,Robert,Brown,Delaware
812,Karen,Benson,Ohio
813,Lonnie,Miranda,Florida
814,Nicole,Schmidt,New Jersey
815,Robert,Martinez,Nevada
816,Charles,Fisher,North Carolina
817,Julia,Melendez,South Dakota
818,Laura,Thompson,Alaska
819,Isaiah,Martin,North Dakota
820,Spencer,Lopez,Oregon
821,Matthew,Martin,Ohio
822,Gabriel,Roberts,Indiana
823,James,Taylor,Hawaii
824,Emily,Bradford,Washington
825,Sandra,Jones,Washington
826,Justin,Murphy,Georgia
827,Daniel,Reed,Kentucky
828,Kevin,Montes,Arizona
829,Russell,Martinez,Utah
830,Denise,Wright,Washington
831,Sarah,Jones,South Dakota
832,Dawn,Clark,Minnesota
833,Jay,Ramirez,Ohio
834,Kellie,Padilla,Vermont
835,Ashley,Logan,Oregon
836,Jonathan,Lewis,Florida
837,Haley,Hunt,New Hampshire
838,Glenn,Williams,Rhode Island
839,Debra,Barrera,West Virginia
840,Cynthia,Lynch,Georgia
841,Scott,Garza,Wyoming
842,Stephanie,Smith,Connecticut
843,Jerome,Guerra,Utah
844,Kim,Anderson,Montana
845,Thomas,Edwards,West Virginia
846,Drew,Pearson,Arkansas
847,Eileen,Woods,North Carolina
848,Sara,Cook,Nevada
849,Dawn,Hill,California
850,Kathy,Marks,Mississippi
851,Rebecca,Welch,Alaska
852,Charles,Castaneda,New York
853,Keith,Baker,New Mexico
854,Samantha,Wright,Oklahoma
855,Christina,Lamb,West Virginia
856,Michelle,Ward,Iowa
857,Steven,Fisher,Arkansas
858,Timothy,Sanchez,Wyoming
859,Mary,Kelly,Virginia
860,Michael,Christensen,Delaware
861,Dylan,Stewart,West Virginia
862,Julie,Campbell,Virginia
863,Mark,Powell,North Dakota
864,Susan,Proctor,North Carolina
865,Latasha,Castillo,Ohio
866,Taylor,Hall,Louisiana
867,Tammy,Anderson,Montana
868,Bryan,Fox,Idaho
869,Patrick,Johnson,Idaho
870,Marvin,Bell,Colorado
871,Madison,Smith,Arkansas
872,Christine,Harrington,Louisiana
873,Lisa,Nelson,Oregon
874,Mary,Stewart,Idaho
875,Theodore,Vega,Delaware
876,Heather,Nelson,Vermont
877,Raymond,Shepard,Tennessee
878,James,Marshall,Missouri
879,Christopher,Perry,Kentucky
880,Sean,Lee,Minnesota
881,Tiffany,Tucker,Maryland
882,Catherine,Porter,Connecticut
883,Matthew,Ellis,North Carolina
884,Joseph,Boyle,North Carolina
885,Amy,Chambers,Oregon
886,Sarah,Wood,Idaho
887,Dylan,Glass,Delaware
888,Heather,Lewis,Alaska
889,Donna,Orozco,Arkansas
890,David,Cuevas,Wisconsin
891,David,Finley,Delaware
892,Kristine,Conner,New Mexico
893,Deborah,Adams,Colorado
894,Ronald,Wilson,South Dakota
895,Timothy,Glover,Alaska
896,Christie,Williams,New Mexico
897,Stefanie,Kelly,New Hampshire
898,Christopher,Simmons,Arizona
899,Michael,Cross,Washington
900,Jessica,Harris,Arizona
